-- phpMyAdmin SQL Dump
-- version 5.2.0
-- https://www.phpmyadmin.net/
--
-- Host: 127.0.0.1:3306
-- Generation Time: Dec 31, 2025 at 07:13 PM
-- Server version: 10.4.27-MariaDB
-- PHP Version: 8.2.0

SET SQL_MODE = "NO_AUTO_VALUE_ON_ZERO";
START TRANSACTION;
SET time_zone = "+00:00";


/*!40101 SET @OLD_CHARACTER_SET_CLIENT=@@CHARACTER_SET_CLIENT */;
/*!40101 SET @OLD_CHARACTER_SET_RESULTS=@@CHARACTER_SET_RESULTS */;
/*!40101 SET @OLD_COLLATION_CONNECTION=@@COLLATION_CONNECTION */;
/*!40101 SET NAMES utf8mb4 */;

--
-- Database: `pegeditor`
--

-- --------------------------------------------------------

--
-- Table structure for table `capacities`
--

CREATE TABLE `capacities` (
  `ID` int(11) NOT NULL,
  `Capacity` varchar(20) NOT NULL
) ENGINE=InnoDB DEFAULT CHARSET=utf8mb4 COLLATE=utf8mb4_general_ci;

--
-- Dumping data for table `capacities`
--

INSERT INTO `capacities` (`ID`, `Capacity`) VALUES
(6, '12TB'),
(7, '20TB'),
(9, '22TB'),
(10, '18TB');

-- --------------------------------------------------------

--
-- Table structure for table `peg_configs`
--

CREATE TABLE `peg_configs` (
  `id` int(11) NOT NULL,
  `capacity` varchar(50) NOT NULL,
  `interface` enum('sata','sas') NOT NULL,
  `condition_type` enum('new','used','recertified') NOT NULL,
  `inventory_mode` enum('balanced','low','overstocked','critical') DEFAULT 'balanced',
  `margin_percent` float NOT NULL DEFAULT 80,
  `peg_name` varchar(255) DEFAULT NULL,
  `created_at` timestamp NOT NULL DEFAULT current_timestamp(),
  `updated_at` timestamp NOT NULL DEFAULT current_timestamp() ON UPDATE current_timestamp()
) ENGINE=InnoDB DEFAULT CHARSET=utf8mb4 COLLATE=utf8mb4_general_ci;

--
-- Dumping data for table `peg_configs`
--

INSERT INTO `peg_configs` (`id`, `capacity`, `interface`, `condition_type`, `inventory_mode`, `margin_percent`, `peg_name`, `created_at`, `updated_at`) VALUES
(43, '12TB', 'sata', 'used', 'balanced', 50, '12TB SATA Used', '2025-12-22 23:24:40', '2025-12-26 17:01:49'),
(44, '12TB', 'sata', 'recertified', 'balanced', 50, '12TB SATA Recertified', '2025-12-22 23:24:40', '2025-12-26 17:01:57'),
(46, '20TB', 'sata', 'new', 'balanced', 80, NULL, '2025-12-22 23:43:55', '2025-12-26 17:34:49'),
(47, '20TB', 'sata', 'used', 'balanced', 50, NULL, '2025-12-22 23:44:05', '2025-12-26 17:02:09'),
(48, '20TB', 'sata', 'recertified', 'balanced', 50, NULL, '2025-12-22 23:44:10', '2025-12-26 17:02:17'),
(49, '12TB', 'sas', 'new', 'balanced', 50, NULL, '2025-12-23 22:42:54', '2025-12-26 17:02:23'),
(54, '12TB', 'sata', 'new', 'balanced', 50, NULL, '2025-12-24 10:12:09', '2025-12-26 17:02:38'),
(55, '12TB', 'sas', 'used', 'balanced', 50, NULL, '2025-12-24 10:12:14', '2025-12-26 17:02:52'),
(57, '22TB', 'sata', 'new', 'balanced', 80, NULL, '2025-12-26 15:41:37', '2025-12-26 17:31:52'),
(58, '20TB', 'sas', 'new', 'balanced', 70, NULL, '2025-12-26 17:05:24', '2025-12-26 17:05:52'),
(59, '12TB', 'sas', 'recertified', 'balanced', 80, '12TB SAS – Recertified', '2025-12-26 17:11:58', '2025-12-31 00:12:57');

-- --------------------------------------------------------

--
-- Table structure for table `peg_history`
--

CREATE TABLE `peg_history` (
  `id` int(11) NOT NULL,
  `config_id` int(11) NOT NULL,
  `capacity` varchar(50) NOT NULL,
  `interface` enum('sata','sas') NOT NULL,
  `condition_type` enum('new','used','recertified') NOT NULL,
  `peg_name` varchar(255) DEFAULT NULL,
  `base_price` decimal(10,2) NOT NULL DEFAULT 0.00,
  `adjusted_price` decimal(10,2) NOT NULL DEFAULT 0.00,
  `inventory_mode` enum('balanced','low','overstocked','critical') DEFAULT 'balanced',
  `saved_at` timestamp NOT NULL DEFAULT current_timestamp(),
  `margin_percent` float NOT NULL DEFAULT 80
) ENGINE=InnoDB DEFAULT CHARSET=utf8mb4 COLLATE=utf8mb4_general_ci;

--
-- Dumping data for table `peg_history`
--

INSERT INTO `peg_history` (`id`, `config_id`, `capacity`, `interface`, `condition_type`, `peg_name`, `base_price`, `adjusted_price`, `inventory_mode`, `saved_at`, `margin_percent`) VALUES
(127, 46, '20TB', 'sata', 'new', NULL, '107.85', '97.85', 'balanced', '2025-12-26 17:34:49', 80),
(128, 47, '20TB', 'sata', 'used', NULL, '102.30', '102.30', 'balanced', '2025-12-24 10:14:17', 50),
(129, 48, '20TB', 'sata', 'recertified', NULL, '114.33', '114.33', 'balanced', '2025-12-24 10:15:17', 50),
(132, 43, '12TB', 'sata', 'used', '12TB SATA Used', '106.55', '106.55', 'balanced', '2025-12-26 16:59:59', 50),
(133, 44, '12TB', 'sata', 'recertified', '12TB SATA Recertified', '108.20', '108.20', 'balanced', '2025-12-24 10:11:36', 50),
(156, 49, '12TB', 'sas', 'new', NULL, '112.50', '112.50', 'balanced', '2025-12-24 10:10:46', 50),
(230, 54, '12TB', 'sata', 'new', NULL, '100.00', '100.00', 'balanced', '2025-12-24 10:12:09', 50),
(231, 55, '12TB', 'sas', 'used', NULL, '92.00', '92.00', 'balanced', '2025-12-24 10:12:31', 50),
(243, 57, '22TB', 'sata', 'new', NULL, '310.19', '295.19', 'balanced', '2025-12-26 17:31:52', 80),
(256, 58, '20TB', 'sas', 'new', NULL, '404.20', '339.20', 'balanced', '2025-12-26 17:06:19', 70),
(259, 59, '12TB', 'sas', 'recertified', '12TB SAS – Recertified', '117.50', '117.50', 'balanced', '2025-12-31 04:00:00', 80);

-- --------------------------------------------------------

--
-- Table structure for table `peg_modifiers`
--

CREATE TABLE `peg_modifiers` (
  `id` int(11) NOT NULL,
  `config_id` int(11) NOT NULL,
  `label` varchar(255) DEFAULT NULL,
  `amount` decimal(10,2) NOT NULL DEFAULT 0.00
) ENGINE=InnoDB DEFAULT CHARSET=utf8mb4 COLLATE=utf8mb4_general_ci;

--
-- Dumping data for table `peg_modifiers`
--

INSERT INTO `peg_modifiers` (`id`, `config_id`, `label`, `amount`) VALUES
(103, 58, 'No Warranty', '-50.00'),
(104, 58, 'Large Buy', '-15.00'),
(109, 57, 'Large Buy', '-15.00'),
(110, 46, 'Modifier 1', '-10.00');

-- --------------------------------------------------------

--
-- Table structure for table `peg_points`
--

CREATE TABLE `peg_points` (
  `id` int(11) NOT NULL,
  `config_id` int(11) NOT NULL,
  `label` varchar(255) DEFAULT NULL,
  `channel` varchar(100) DEFAULT NULL,
  `url` text DEFAULT NULL,
  `price` decimal(10,2) NOT NULL DEFAULT 0.00,
  `weight` decimal(6,4) NOT NULL DEFAULT 0.0000,
  `created_at` timestamp NOT NULL DEFAULT current_timestamp(),
  `qty` int(11) DEFAULT 0
) ENGINE=InnoDB DEFAULT CHARSET=utf8mb4 COLLATE=utf8mb4_general_ci;

--
-- Dumping data for table `peg_points`
--

INSERT INTO `peg_points` (`id`, `config_id`, `label`, `channel`, `url`, `price`, `weight`, `created_at`, `qty`) VALUES
(66, 43, 'Point 1', 'ebay', 'https://ebay.com', '99.00', '0.5000', '2025-12-22 23:36:07', 6),
(67, 43, 'Point 2', 'shopify', 'https://shopify.com', '109.00', '0.3000', '2025-12-22 23:36:07', 2),
(68, 43, 'Point 3', 'amazon', 'https://amazon.com', '120.00', '0.2000', '2025-12-22 23:36:07', 2),
(69, 44, 'Point 1', 'ebay', 'https://ebay.com', '110.00', '0.4000', '2025-12-22 23:36:30', 4),
(70, 44, 'Point 2', 'shopify', 'https://shopify.com', '109.00', '0.3000', '2025-12-22 23:36:30', 3),
(71, 44, 'Point 3', 'amazon', 'https://amazon.com', '105.00', '0.3000', '2025-12-22 23:36:30', 3),
(72, 46, 'Point 1', '', '', '112.00', '0.1500', '2025-12-22 23:43:55', 1),
(73, 46, 'Point 2', '', '', '105.00', '0.3000', '2025-12-22 23:43:55', 1),
(74, 46, 'Point 3', '', '', '109.00', '0.2000', '2025-12-22 23:43:55', 1),
(75, 47, 'Point 1', '', '', '105.00', '0.1500', '2025-12-22 23:44:05', 1),
(76, 47, 'Point 2', '', '', '102.00', '0.2500', '2025-12-22 23:44:05', 1),
(77, 47, 'Point 3', '', '', '99.00', '0.1000', '2025-12-22 23:44:05', 1),
(78, 48, 'Point 1', '', '', '110.00', '0.2000', '2025-12-22 23:44:10', 1),
(79, 48, 'Point 2', '', '', '115.00', '0.1000', '2025-12-22 23:44:10', 1),
(80, 48, 'Point 3', '', '', '116.99', '0.3000', '2025-12-22 23:44:10', 1),
(81, 49, 'Point 1', '', '', '120.00', '0.1000', '2025-12-23 22:42:54', 1),
(82, 49, 'Point 2', '', '', '105.00', '0.1000', '2025-12-23 22:42:54', 1),
(99, 54, 'Point 1', '', '', '100.00', '0.1000', '2025-12-24 10:12:09', 1),
(100, 54, 'Point 2', '', '', '100.00', '0.1000', '2025-12-24 10:12:09', 1),
(101, 54, 'Point 3', '', '', '100.00', '0.1000', '2025-12-24 10:12:09', 1),
(102, 55, 'Point 1', '', '', '88.00', '0.1000', '2025-12-24 10:12:19', 1),
(103, 55, 'Point 2', '', '', '89.00', '0.1000', '2025-12-24 10:12:19', 1),
(104, 55, 'Point 3', '', '', '99.00', '0.1000', '2025-12-24 10:12:19', 1),
(105, 43, 'Point 4', 'walmart', 'https://walmart.com', '110.00', '0.1000', '2025-12-24 12:18:18', 2),
(106, 57, 'Point 1', 'eBay', 'https://www.ebay.com/itm/226543075141', '257.99', '0.1000', '2025-12-26 15:41:37', 1),
(107, 57, 'Point 2', 'eBay', 'https://www.ebay.com/itm/236090586416', '309.99', '0.1000', '2025-12-26 15:41:37', 1),
(108, 57, 'Point 3', 'eBay', 'https://www.ebay.com/itm/167386766672', '309.95', '0.1000', '2025-12-26 15:41:37', 1),
(109, 57, 'Point 4', 'Amazon', 'https://www.amazon.com/Seagate-7200RPM-3-5-inch-Enterprise-ST22000NM000C/dp/B0DFDTPR74', '314.99', '0.3000', '2025-12-26 15:41:37', 1),
(110, 57, 'Point 5', 'Amazon', 'https://www.amazon.com/Seagate-Exos-7200RPM-Enterprise-Drive/dp/B0C9V6BCVB/', '348.99', '0.1000', '2025-12-26 15:41:38', 1),
(111, 57, 'Point 6', 'SPD', 'https://serverpartdeals.com/products/seagate-exos-st22000nm000c-22tb-7-2k-rpm-sata-6gb-s-3-5-recertified-hard-drive', '309.99', '0.3000', '2025-12-26 15:41:38', 1),
(112, 58, 'Point 1', 'Ebay', '', '399.00', '0.2000', '2025-12-26 17:05:24', 1),
(113, 58, 'Point 2', 'Ebay', '', '299.00', '0.1000', '2025-12-26 17:05:24', 1),
(114, 58, 'Point 3', 'AMZ', '', '449.00', '0.3000', '2025-12-26 17:05:24', 1),
(115, 58, 'Point 4', 'Google', '', '500.00', '0.2000', '2025-12-26 17:05:24', 1),
(116, 58, 'Point 5', 'SPD', '', '299.00', '0.2000', '2025-12-26 17:05:24', 1),
(117, 59, '12TB SAS TEST 1', 'test1', 'https://test.com', '118.00', '1.0000', '2025-12-26 17:11:58', 1),
(118, 59, '12TB SAS TEST 2', 'test2', 'https://test.com', '112.00', '1.0000', '2025-12-26 17:16:09', 5),
(119, 59, '12TB SAS TEST 3', 'test3', 'https://test.com', '123.00', '1.0000', '2025-12-26 17:16:09', 5),
(120, 59, '12TB SAS TEST 4', 'test4', 'https://test.com', '117.00', '1.0000', '2025-12-30 23:28:15', 3);

-- --------------------------------------------------------

--
-- Table structure for table `peg_point_history`
--

CREATE TABLE `peg_point_history` (
  `id` int(11) NOT NULL,
  `peg_point_id` int(11) NOT NULL,
  `day_date` date NOT NULL,
  `price` decimal(10,2) NOT NULL,
  `qty` int(11) NOT NULL,
  `created_at` datetime DEFAULT current_timestamp()
) ENGINE=InnoDB DEFAULT CHARSET=utf8mb4 COLLATE=utf8mb4_general_ci;

--
-- Dumping data for table `peg_point_history`
--

INSERT INTO `peg_point_history` (`id`, `peg_point_id`, `day_date`, `price`, `qty`, `created_at`) VALUES
(94, 66, '2025-11-24', '94.68', 6, '2025-12-23 07:40:44'),
(95, 66, '2025-11-25', '93.97', 6, '2025-12-23 07:40:44'),
(96, 66, '2025-11-26', '92.84', 6, '2025-12-23 07:40:44'),
(97, 66, '2025-11-27', '95.70', 6, '2025-12-23 07:40:44'),
(98, 66, '2025-11-28', '96.25', 6, '2025-12-23 07:40:44'),
(99, 66, '2025-11-29', '92.78', 6, '2025-12-23 07:40:44'),
(100, 66, '2025-11-30', '93.46', 6, '2025-12-23 07:40:44'),
(101, 66, '2025-12-01', '96.76', 6, '2025-12-23 07:40:44'),
(102, 66, '2025-12-02', '95.27', 6, '2025-12-23 07:40:44'),
(103, 66, '2025-12-03', '93.93', 6, '2025-12-23 07:40:44'),
(104, 66, '2025-12-04', '93.14', 6, '2025-12-23 07:40:44'),
(105, 66, '2025-12-05', '95.59', 6, '2025-12-23 07:40:44'),
(106, 66, '2025-12-06', '96.26', 6, '2025-12-23 07:40:44'),
(107, 66, '2025-12-07', '95.05', 6, '2025-12-23 07:40:44'),
(108, 66, '2025-12-08', '96.88', 6, '2025-12-23 07:40:44'),
(109, 66, '2025-12-09', '96.40', 6, '2025-12-23 07:40:44'),
(110, 66, '2025-12-10', '95.42', 6, '2025-12-23 07:40:44'),
(111, 66, '2025-12-11', '95.30', 6, '2025-12-23 07:40:44'),
(112, 66, '2025-12-12', '93.18', 6, '2025-12-23 07:40:44'),
(113, 66, '2025-12-13', '94.41', 6, '2025-12-23 07:40:44'),
(114, 66, '2025-12-14', '94.09', 6, '2025-12-23 07:40:44'),
(115, 66, '2025-12-15', '95.27', 6, '2025-12-23 07:40:44'),
(116, 66, '2025-12-16', '96.77', 6, '2025-12-23 07:40:44'),
(117, 66, '2025-12-17', '95.49', 6, '2025-12-23 07:40:44'),
(118, 66, '2025-12-18', '92.96', 6, '2025-12-23 07:40:44'),
(119, 66, '2025-12-19', '93.51', 6, '2025-12-23 07:40:44'),
(120, 66, '2025-12-20', '92.94', 6, '2025-12-23 07:40:44'),
(121, 66, '2025-12-21', '97.35', 6, '2025-12-23 07:40:44'),
(122, 66, '2025-12-22', '94.02', 6, '2025-12-23 07:40:44'),
(123, 66, '2025-12-23', '95.13', 6, '2025-12-23 07:40:44'),
(124, 67, '2025-11-24', '92.85', 2, '2025-12-23 07:40:44'),
(125, 67, '2025-11-25', '91.26', 2, '2025-12-23 07:40:44'),
(126, 67, '2025-11-26', '93.58', 2, '2025-12-23 07:40:44'),
(127, 67, '2025-11-27', '92.51', 2, '2025-12-23 07:40:44'),
(128, 67, '2025-11-28', '93.18', 2, '2025-12-23 07:40:44'),
(129, 67, '2025-11-29', '90.32', 2, '2025-12-23 07:40:44'),
(130, 67, '2025-11-30', '92.16', 2, '2025-12-23 07:40:44'),
(131, 67, '2025-12-01', '93.77', 2, '2025-12-23 07:40:44'),
(132, 67, '2025-12-02', '90.05', 2, '2025-12-23 07:40:44'),
(133, 67, '2025-12-03', '93.70', 2, '2025-12-23 07:40:44'),
(134, 67, '2025-12-04', '93.74', 2, '2025-12-23 07:40:44'),
(135, 67, '2025-12-05', '93.85', 2, '2025-12-23 07:40:44'),
(136, 67, '2025-12-06', '91.46', 2, '2025-12-23 07:40:44'),
(137, 67, '2025-12-07', '91.47', 2, '2025-12-23 07:40:44'),
(138, 67, '2025-12-08', '90.83', 2, '2025-12-23 07:40:44'),
(139, 67, '2025-12-09', '91.54', 2, '2025-12-23 07:40:44'),
(140, 67, '2025-12-10', '91.62', 2, '2025-12-23 07:40:44'),
(141, 67, '2025-12-11', '92.64', 2, '2025-12-23 07:40:44'),
(142, 67, '2025-12-12', '92.93', 2, '2025-12-23 07:40:44'),
(143, 67, '2025-12-13', '94.18', 2, '2025-12-23 07:40:44'),
(144, 67, '2025-12-14', '91.81', 2, '2025-12-23 07:40:44'),
(145, 67, '2025-12-15', '91.51', 2, '2025-12-23 07:40:44'),
(146, 67, '2025-12-16', '93.41', 2, '2025-12-23 07:40:44'),
(147, 67, '2025-12-17', '90.51', 2, '2025-12-23 07:40:44'),
(148, 67, '2025-12-18', '90.15', 2, '2025-12-23 07:40:44'),
(149, 67, '2025-12-19', '90.74', 2, '2025-12-23 07:40:44'),
(150, 67, '2025-12-20', '90.11', 2, '2025-12-23 07:40:44'),
(151, 67, '2025-12-21', '94.03', 2, '2025-12-23 07:40:44'),
(152, 67, '2025-12-22', '93.55', 2, '2025-12-23 07:40:44'),
(153, 67, '2025-12-23', '90.29', 2, '2025-12-23 07:40:44'),
(154, 68, '2025-11-24', '96.17', 2, '2025-12-23 07:40:44'),
(155, 68, '2025-11-25', '99.69', 2, '2025-12-23 07:40:44'),
(156, 68, '2025-11-26', '95.95', 2, '2025-12-23 07:40:44'),
(157, 68, '2025-11-27', '96.12', 2, '2025-12-23 07:40:44'),
(158, 68, '2025-11-28', '97.95', 2, '2025-12-23 07:40:44'),
(159, 68, '2025-11-29', '98.38', 2, '2025-12-23 07:40:44'),
(160, 68, '2025-11-30', '96.25', 2, '2025-12-23 07:40:44'),
(161, 68, '2025-12-01', '99.56', 2, '2025-12-23 07:40:44'),
(162, 68, '2025-12-02', '99.01', 2, '2025-12-23 07:40:44'),
(163, 68, '2025-12-03', '98.14', 2, '2025-12-23 07:40:44'),
(164, 68, '2025-12-04', '95.87', 2, '2025-12-23 07:40:44'),
(165, 68, '2025-12-05', '98.69', 2, '2025-12-23 07:40:44'),
(166, 68, '2025-12-06', '98.57', 2, '2025-12-23 07:40:44'),
(167, 68, '2025-12-07', '97.49', 2, '2025-12-23 07:40:44'),
(168, 68, '2025-12-08', '98.21', 2, '2025-12-23 07:40:44'),
(169, 68, '2025-12-09', '98.54', 2, '2025-12-23 07:40:44'),
(170, 68, '2025-12-10', '97.12', 2, '2025-12-23 07:40:44'),
(171, 68, '2025-12-11', '98.01', 2, '2025-12-23 07:40:44'),
(172, 68, '2025-12-12', '96.33', 2, '2025-12-23 07:40:44'),
(173, 68, '2025-12-13', '99.20', 2, '2025-12-23 07:40:44'),
(174, 68, '2025-12-14', '97.33', 2, '2025-12-23 07:40:44'),
(175, 68, '2025-12-15', '97.00', 2, '2025-12-23 07:40:44'),
(176, 68, '2025-12-16', '97.56', 2, '2025-12-23 07:40:44'),
(177, 68, '2025-12-17', '95.89', 2, '2025-12-23 07:40:44'),
(178, 68, '2025-12-18', '96.94', 2, '2025-12-23 07:40:44'),
(179, 68, '2025-12-19', '98.36', 2, '2025-12-23 07:40:44'),
(180, 68, '2025-12-20', '96.74', 2, '2025-12-23 07:40:44'),
(181, 68, '2025-12-21', '99.10', 2, '2025-12-23 07:40:44'),
(182, 68, '2025-12-22', '97.07', 2, '2025-12-23 07:40:44'),
(183, 68, '2025-12-23', '95.87', 2, '2025-12-23 07:40:44'),
(184, 69, '2025-11-24', '105.41', 4, '2025-12-23 07:40:44'),
(185, 69, '2025-11-25', '103.47', 4, '2025-12-23 07:40:44'),
(186, 69, '2025-11-26', '106.99', 4, '2025-12-23 07:40:44'),
(187, 69, '2025-11-27', '106.28', 4, '2025-12-23 07:40:44'),
(188, 69, '2025-11-28', '103.31', 4, '2025-12-23 07:40:44'),
(189, 69, '2025-11-29', '104.92', 4, '2025-12-23 07:40:44'),
(190, 69, '2025-11-30', '102.96', 4, '2025-12-23 07:40:44'),
(191, 69, '2025-12-01', '104.65', 4, '2025-12-23 07:40:44'),
(192, 69, '2025-12-02', '103.98', 4, '2025-12-23 07:40:44'),
(193, 69, '2025-12-03', '102.55', 4, '2025-12-23 07:40:44'),
(194, 69, '2025-12-04', '106.03', 4, '2025-12-23 07:40:44'),
(195, 69, '2025-12-05', '105.00', 4, '2025-12-23 07:40:44'),
(196, 69, '2025-12-06', '107.29', 4, '2025-12-23 07:40:44'),
(197, 69, '2025-12-07', '106.68', 4, '2025-12-23 07:40:44'),
(198, 69, '2025-12-08', '107.51', 4, '2025-12-23 07:40:44'),
(199, 69, '2025-12-09', '106.87', 4, '2025-12-23 07:40:44'),
(200, 69, '2025-12-10', '104.21', 4, '2025-12-23 07:40:44'),
(201, 69, '2025-12-11', '105.52', 4, '2025-12-23 07:40:44'),
(202, 69, '2025-12-12', '106.01', 4, '2025-12-23 07:40:44'),
(203, 69, '2025-12-13', '106.60', 4, '2025-12-23 07:40:44'),
(204, 69, '2025-12-14', '104.72', 4, '2025-12-23 07:40:44'),
(205, 69, '2025-12-15', '103.96', 4, '2025-12-23 07:40:44'),
(206, 69, '2025-12-16', '105.70', 4, '2025-12-23 07:40:44'),
(207, 69, '2025-12-17', '106.65', 4, '2025-12-23 07:40:44'),
(208, 69, '2025-12-18', '103.00', 4, '2025-12-23 07:40:44'),
(209, 69, '2025-12-19', '103.37', 4, '2025-12-23 07:40:44'),
(210, 69, '2025-12-20', '107.37', 4, '2025-12-23 07:40:44'),
(211, 69, '2025-12-21', '106.54', 4, '2025-12-23 07:40:44'),
(212, 69, '2025-12-22', '102.58', 4, '2025-12-23 07:40:44'),
(213, 69, '2025-12-23', '107.29', 4, '2025-12-23 07:40:44'),
(214, 70, '2025-11-24', '102.07', 3, '2025-12-23 07:40:44'),
(215, 70, '2025-11-25', '102.04', 3, '2025-12-23 07:40:44'),
(216, 70, '2025-11-26', '100.22', 3, '2025-12-23 07:40:44'),
(217, 70, '2025-11-27', '101.34', 3, '2025-12-23 07:40:44'),
(218, 70, '2025-11-28', '101.62', 3, '2025-12-23 07:40:44'),
(219, 70, '2025-11-29', '102.98', 3, '2025-12-23 07:40:44'),
(220, 70, '2025-11-30', '100.09', 3, '2025-12-23 07:40:44'),
(221, 70, '2025-12-01', '103.09', 3, '2025-12-23 07:40:44'),
(222, 70, '2025-12-02', '101.53', 3, '2025-12-23 07:40:44'),
(223, 70, '2025-12-03', '102.42', 3, '2025-12-23 07:40:44'),
(224, 70, '2025-12-04', '100.88', 3, '2025-12-23 07:40:44'),
(225, 70, '2025-12-05', '102.37', 3, '2025-12-23 07:40:44'),
(226, 70, '2025-12-06', '103.71', 3, '2025-12-23 07:40:44'),
(227, 70, '2025-12-07', '104.14', 3, '2025-12-23 07:40:44'),
(228, 70, '2025-12-08', '100.78', 3, '2025-12-23 07:40:44'),
(229, 70, '2025-12-09', '101.73', 3, '2025-12-23 07:40:44'),
(230, 70, '2025-12-10', '103.47', 3, '2025-12-23 07:40:44'),
(231, 70, '2025-12-11', '101.92', 3, '2025-12-23 07:40:44'),
(232, 70, '2025-12-12', '104.46', 3, '2025-12-23 07:40:44'),
(233, 70, '2025-12-13', '103.47', 3, '2025-12-23 07:40:44'),
(234, 70, '2025-12-14', '100.16', 3, '2025-12-23 07:40:44'),
(235, 70, '2025-12-15', '102.62', 3, '2025-12-23 07:40:44'),
(236, 70, '2025-12-16', '104.21', 3, '2025-12-23 07:40:44'),
(237, 70, '2025-12-17', '103.86', 3, '2025-12-23 07:40:44'),
(238, 70, '2025-12-18', '103.27', 3, '2025-12-23 07:40:44'),
(239, 70, '2025-12-19', '100.61', 3, '2025-12-23 07:40:44'),
(240, 70, '2025-12-20', '99.59', 3, '2025-12-23 07:40:44'),
(241, 70, '2025-12-21', '103.53', 3, '2025-12-23 07:40:44'),
(242, 70, '2025-12-22', '100.79', 3, '2025-12-23 07:40:44'),
(243, 70, '2025-12-23', '101.93', 3, '2025-12-23 07:40:44'),
(244, 71, '2025-11-24', '109.81', 3, '2025-12-23 07:40:44'),
(245, 71, '2025-11-25', '110.23', 3, '2025-12-23 07:40:44'),
(246, 71, '2025-11-26', '105.92', 3, '2025-12-23 07:40:44'),
(247, 71, '2025-11-27', '108.65', 3, '2025-12-23 07:40:44'),
(248, 71, '2025-11-28', '108.48', 3, '2025-12-23 07:40:44'),
(249, 71, '2025-11-29', '105.34', 3, '2025-12-23 07:40:44'),
(250, 71, '2025-11-30', '106.91', 3, '2025-12-23 07:40:44'),
(251, 71, '2025-12-01', '106.73', 3, '2025-12-23 07:40:44'),
(252, 71, '2025-12-02', '105.95', 3, '2025-12-23 07:40:44'),
(253, 71, '2025-12-03', '109.68', 3, '2025-12-23 07:40:44'),
(254, 71, '2025-12-04', '107.01', 3, '2025-12-23 07:40:44'),
(255, 71, '2025-12-05', '107.27', 3, '2025-12-23 07:40:44'),
(256, 71, '2025-12-06', '107.26', 3, '2025-12-23 07:40:44'),
(257, 71, '2025-12-07', '106.01', 3, '2025-12-23 07:40:44'),
(258, 71, '2025-12-08', '107.31', 3, '2025-12-23 07:40:44'),
(259, 71, '2025-12-09', '108.89', 3, '2025-12-23 07:40:44'),
(260, 71, '2025-12-10', '110.13', 3, '2025-12-23 07:40:44'),
(261, 71, '2025-12-11', '108.66', 3, '2025-12-23 07:40:44'),
(262, 71, '2025-12-12', '109.83', 3, '2025-12-23 07:40:44'),
(263, 71, '2025-12-13', '108.12', 3, '2025-12-23 07:40:44'),
(264, 71, '2025-12-14', '107.24', 3, '2025-12-23 07:40:44'),
(265, 71, '2025-12-15', '106.40', 3, '2025-12-23 07:40:44'),
(266, 71, '2025-12-16', '109.45', 3, '2025-12-23 07:40:44'),
(267, 71, '2025-12-17', '110.07', 3, '2025-12-23 07:40:44'),
(268, 71, '2025-12-18', '107.39', 3, '2025-12-23 07:40:44'),
(269, 71, '2025-12-19', '108.38', 3, '2025-12-23 07:40:44'),
(270, 71, '2025-12-20', '106.82', 3, '2025-12-23 07:40:44'),
(271, 71, '2025-12-21', '108.63', 3, '2025-12-23 07:40:44'),
(272, 71, '2025-12-22', '106.38', 3, '2025-12-23 07:40:44'),
(273, 71, '2025-12-23', '108.65', 3, '2025-12-23 07:40:44'),
(274, 72, '2025-11-24', '101.83', 1, '2025-12-23 07:50:36'),
(275, 72, '2025-11-25', '99.83', 1, '2025-12-23 07:50:36'),
(276, 72, '2025-11-26', '97.83', 1, '2025-12-23 07:50:36'),
(277, 72, '2025-11-27', '103.83', 1, '2025-12-23 07:50:36'),
(278, 72, '2025-11-28', '101.83', 1, '2025-12-23 07:50:36'),
(279, 72, '2025-11-29', '99.82', 1, '2025-12-23 07:50:36'),
(280, 72, '2025-11-30', '97.82', 1, '2025-12-23 07:50:36'),
(281, 72, '2025-12-01', '103.82', 1, '2025-12-23 07:50:36'),
(282, 72, '2025-12-02', '101.82', 1, '2025-12-23 07:50:36'),
(283, 72, '2025-12-03', '99.82', 1, '2025-12-23 07:50:36'),
(284, 72, '2025-12-04', '97.82', 1, '2025-12-23 07:50:36'),
(285, 72, '2025-12-05', '103.82', 1, '2025-12-23 07:50:36'),
(286, 72, '2025-12-06', '101.81', 1, '2025-12-23 07:50:36'),
(287, 72, '2025-12-07', '99.81', 1, '2025-12-23 07:50:36'),
(288, 72, '2025-12-08', '97.81', 1, '2025-12-23 07:50:36'),
(289, 72, '2025-12-09', '103.81', 1, '2025-12-23 07:50:36'),
(290, 72, '2025-12-10', '101.81', 1, '2025-12-23 07:50:36'),
(291, 72, '2025-12-11', '99.81', 1, '2025-12-23 07:50:36'),
(292, 72, '2025-12-12', '97.80', 1, '2025-12-23 07:50:36'),
(293, 72, '2025-12-13', '103.80', 1, '2025-12-23 07:50:36'),
(294, 72, '2025-12-14', '101.80', 1, '2025-12-23 07:50:36'),
(295, 72, '2025-12-15', '99.80', 1, '2025-12-23 07:50:36'),
(296, 72, '2025-12-16', '97.80', 1, '2025-12-23 07:50:36'),
(297, 72, '2025-12-17', '103.80', 1, '2025-12-23 07:50:36'),
(298, 72, '2025-12-18', '101.80', 1, '2025-12-23 07:50:36'),
(299, 72, '2025-12-19', '99.79', 1, '2025-12-23 07:50:36'),
(300, 72, '2025-12-20', '97.79', 1, '2025-12-23 07:50:36'),
(301, 72, '2025-12-21', '103.79', 1, '2025-12-23 07:50:36'),
(302, 72, '2025-12-22', '101.79', 1, '2025-12-23 07:50:36'),
(303, 72, '2025-12-23', '99.79', 1, '2025-12-23 07:50:36'),
(304, 73, '2025-11-24', '101.98', 1, '2025-12-23 07:50:36'),
(305, 73, '2025-11-25', '99.98', 1, '2025-12-23 07:50:36'),
(306, 73, '2025-11-26', '97.97', 1, '2025-12-23 07:50:36'),
(307, 73, '2025-11-27', '103.97', 1, '2025-12-23 07:50:36'),
(308, 73, '2025-11-28', '101.97', 1, '2025-12-23 07:50:36'),
(309, 73, '2025-11-29', '99.97', 1, '2025-12-23 07:50:36'),
(310, 73, '2025-11-30', '97.97', 1, '2025-12-23 07:50:36'),
(311, 73, '2025-12-01', '103.97', 1, '2025-12-23 07:50:36'),
(312, 73, '2025-12-02', '101.97', 1, '2025-12-23 07:50:36'),
(313, 73, '2025-12-03', '99.96', 1, '2025-12-23 07:50:36'),
(314, 73, '2025-12-04', '97.96', 1, '2025-12-23 07:50:36'),
(315, 73, '2025-12-05', '103.96', 1, '2025-12-23 07:50:36'),
(316, 73, '2025-12-06', '101.96', 1, '2025-12-23 07:50:36'),
(317, 73, '2025-12-07', '99.96', 1, '2025-12-23 07:50:36'),
(318, 73, '2025-12-08', '97.96', 1, '2025-12-23 07:50:36'),
(319, 73, '2025-12-09', '103.96', 1, '2025-12-23 07:50:36'),
(320, 73, '2025-12-10', '101.95', 1, '2025-12-23 07:50:36'),
(321, 73, '2025-12-11', '99.95', 1, '2025-12-23 07:50:36'),
(322, 73, '2025-12-12', '97.95', 1, '2025-12-23 07:50:36'),
(323, 73, '2025-12-13', '103.95', 1, '2025-12-23 07:50:36'),
(324, 73, '2025-12-14', '101.95', 1, '2025-12-23 07:50:36'),
(325, 73, '2025-12-15', '99.95', 1, '2025-12-23 07:50:36'),
(326, 73, '2025-12-16', '97.95', 1, '2025-12-23 07:50:36'),
(327, 73, '2025-12-17', '103.94', 1, '2025-12-23 07:50:36'),
(328, 73, '2025-12-18', '101.94', 1, '2025-12-23 07:50:36'),
(329, 73, '2025-12-19', '99.94', 1, '2025-12-23 07:50:36'),
(330, 73, '2025-12-20', '97.94', 1, '2025-12-23 07:50:36'),
(331, 73, '2025-12-21', '103.94', 1, '2025-12-23 07:50:36'),
(332, 73, '2025-12-22', '101.94', 1, '2025-12-23 07:50:36'),
(333, 73, '2025-12-23', '99.94', 1, '2025-12-23 07:50:36'),
(334, 74, '2025-11-24', '102.12', 1, '2025-12-23 07:50:36'),
(335, 74, '2025-11-25', '100.12', 1, '2025-12-23 07:50:36'),
(336, 74, '2025-11-26', '98.12', 1, '2025-12-23 07:50:36'),
(337, 74, '2025-11-27', '96.12', 1, '2025-12-23 07:50:36'),
(338, 74, '2025-11-28', '102.12', 1, '2025-12-23 07:50:36'),
(339, 74, '2025-11-29', '100.12', 1, '2025-12-23 07:50:36'),
(340, 74, '2025-11-30', '98.12', 1, '2025-12-23 07:50:36'),
(341, 74, '2025-12-01', '96.11', 1, '2025-12-23 07:50:36'),
(342, 74, '2025-12-02', '102.11', 1, '2025-12-23 07:50:36'),
(343, 74, '2025-12-03', '100.11', 1, '2025-12-23 07:50:36'),
(344, 74, '2025-12-04', '98.11', 1, '2025-12-23 07:50:36'),
(345, 74, '2025-12-05', '96.11', 1, '2025-12-23 07:50:36'),
(346, 74, '2025-12-06', '102.11', 1, '2025-12-23 07:50:36'),
(347, 74, '2025-12-07', '100.11', 1, '2025-12-23 07:50:36'),
(348, 74, '2025-12-08', '98.10', 1, '2025-12-23 07:50:36'),
(349, 74, '2025-12-09', '96.10', 1, '2025-12-23 07:50:36'),
(350, 74, '2025-12-10', '102.10', 1, '2025-12-23 07:50:36'),
(351, 74, '2025-12-11', '100.10', 1, '2025-12-23 07:50:36'),
(352, 74, '2025-12-12', '98.10', 1, '2025-12-23 07:50:36'),
(353, 74, '2025-12-13', '96.10', 1, '2025-12-23 07:50:36'),
(354, 74, '2025-12-14', '102.10', 1, '2025-12-23 07:50:36'),
(355, 74, '2025-12-15', '100.09', 1, '2025-12-23 07:50:36'),
(356, 74, '2025-12-16', '98.09', 1, '2025-12-23 07:50:36'),
(357, 74, '2025-12-17', '96.09', 1, '2025-12-23 07:50:36'),
(358, 74, '2025-12-18', '102.09', 1, '2025-12-23 07:50:36'),
(359, 74, '2025-12-19', '100.09', 1, '2025-12-23 07:50:36'),
(360, 74, '2025-12-20', '98.09', 1, '2025-12-23 07:50:36'),
(361, 74, '2025-12-21', '96.08', 1, '2025-12-23 07:50:36'),
(362, 74, '2025-12-22', '102.08', 1, '2025-12-23 07:50:36'),
(363, 74, '2025-12-23', '100.00', 1, '2025-12-23 07:50:36'),
(364, 75, '2025-11-24', '102.27', 1, '2025-12-23 07:50:36'),
(365, 75, '2025-11-25', '100.27', 1, '2025-12-23 07:50:36'),
(366, 75, '2025-11-26', '98.27', 1, '2025-12-23 07:50:36'),
(367, 75, '2025-11-27', '96.27', 1, '2025-12-23 07:50:36'),
(368, 75, '2025-11-28', '102.26', 1, '2025-12-23 07:50:36'),
(369, 75, '2025-11-29', '100.26', 1, '2025-12-23 07:50:36'),
(370, 75, '2025-11-30', '98.26', 1, '2025-12-23 07:50:36'),
(371, 75, '2025-12-01', '96.26', 1, '2025-12-23 07:50:36'),
(372, 75, '2025-12-02', '102.26', 1, '2025-12-23 07:50:36'),
(373, 75, '2025-12-03', '100.26', 1, '2025-12-23 07:50:36'),
(374, 75, '2025-12-04', '98.26', 1, '2025-12-23 07:50:36'),
(375, 75, '2025-12-05', '96.25', 1, '2025-12-23 07:50:36'),
(376, 75, '2025-12-06', '102.25', 1, '2025-12-23 07:50:36'),
(377, 75, '2025-12-07', '100.25', 1, '2025-12-23 07:50:36'),
(378, 75, '2025-12-08', '98.25', 1, '2025-12-23 07:50:36'),
(379, 75, '2025-12-09', '96.25', 1, '2025-12-23 07:50:36'),
(380, 75, '2025-12-10', '102.25', 1, '2025-12-23 07:50:36'),
(381, 75, '2025-12-11', '100.25', 1, '2025-12-23 07:50:36'),
(382, 75, '2025-12-12', '98.24', 1, '2025-12-23 07:50:36'),
(383, 75, '2025-12-13', '96.24', 1, '2025-12-23 07:50:36'),
(384, 75, '2025-12-14', '102.24', 1, '2025-12-23 07:50:36'),
(385, 75, '2025-12-15', '100.24', 1, '2025-12-23 07:50:36'),
(386, 75, '2025-12-16', '98.24', 1, '2025-12-23 07:50:36'),
(387, 75, '2025-12-17', '96.24', 1, '2025-12-23 07:50:36'),
(388, 75, '2025-12-18', '102.24', 1, '2025-12-23 07:50:36'),
(389, 75, '2025-12-19', '100.23', 1, '2025-12-23 07:50:36'),
(390, 75, '2025-12-20', '98.23', 1, '2025-12-23 07:50:36'),
(391, 75, '2025-12-21', '96.23', 1, '2025-12-23 07:50:36'),
(392, 75, '2025-12-22', '102.23', 1, '2025-12-23 07:50:36'),
(393, 75, '2025-12-23', '100.00', 1, '2025-12-24 06:42:37'),
(394, 75, '2025-12-24', '105.00', 1, '2025-12-24 02:35:14'),
(395, 76, '2025-11-24', '102.42', 1, '2025-12-23 07:50:36'),
(396, 76, '2025-11-25', '100.42', 1, '2025-12-23 07:50:36'),
(397, 76, '2025-11-26', '98.41', 1, '2025-12-23 07:50:36'),
(398, 76, '2025-11-27', '96.41', 1, '2025-12-23 07:50:36'),
(399, 76, '2025-11-28', '102.41', 1, '2025-12-23 07:50:36'),
(400, 76, '2025-11-29', '100.41', 1, '2025-12-23 07:50:36'),
(401, 76, '2025-11-30', '98.41', 1, '2025-12-23 07:50:36'),
(402, 76, '2025-12-01', '96.41', 1, '2025-12-23 07:50:36'),
(403, 76, '2025-12-02', '102.41', 1, '2025-12-23 07:50:36'),
(404, 76, '2025-12-03', '100.40', 1, '2025-12-23 07:50:36'),
(405, 76, '2025-12-04', '98.40', 1, '2025-12-23 07:50:36'),
(406, 76, '2025-12-05', '96.40', 1, '2025-12-23 07:50:36'),
(407, 76, '2025-12-06', '102.40', 1, '2025-12-23 07:50:36'),
(408, 76, '2025-12-07', '100.40', 1, '2025-12-23 07:50:36'),
(409, 76, '2025-12-08', '98.40', 1, '2025-12-23 07:50:36'),
(410, 76, '2025-12-09', '96.40', 1, '2025-12-23 07:50:36'),
(411, 76, '2025-12-10', '102.39', 1, '2025-12-23 07:50:36'),
(412, 76, '2025-12-11', '100.39', 1, '2025-12-23 07:50:36'),
(413, 76, '2025-12-12', '98.39', 1, '2025-12-23 07:50:36'),
(414, 76, '2025-12-13', '96.39', 1, '2025-12-23 07:50:36'),
(415, 76, '2025-12-14', '102.39', 1, '2025-12-23 07:50:36'),
(416, 76, '2025-12-15', '100.39', 1, '2025-12-23 07:50:36'),
(417, 76, '2025-12-16', '98.39', 1, '2025-12-23 07:50:36'),
(418, 76, '2025-12-17', '96.38', 1, '2025-12-23 07:50:36'),
(419, 76, '2025-12-18', '102.38', 1, '2025-12-23 07:50:36'),
(420, 76, '2025-12-19', '100.38', 1, '2025-12-23 07:50:36'),
(421, 76, '2025-12-20', '98.38', 1, '2025-12-23 07:50:36'),
(422, 76, '2025-12-21', '96.38', 1, '2025-12-23 07:50:36'),
(423, 76, '2025-12-22', '102.38', 1, '2025-12-23 07:50:36'),
(424, 76, '2025-12-23', '100.00', 1, '2025-12-24 06:42:37'),
(425, 76, '2025-12-24', '102.00', 1, '2025-12-24 02:35:14'),
(426, 77, '2025-11-24', '102.56', 1, '2025-12-23 07:50:36'),
(427, 77, '2025-11-25', '100.56', 1, '2025-12-23 07:50:36'),
(428, 77, '2025-11-26', '98.56', 1, '2025-12-23 07:50:36'),
(429, 77, '2025-11-27', '96.56', 1, '2025-12-23 07:50:36'),
(430, 77, '2025-11-28', '102.56', 1, '2025-12-23 07:50:36'),
(431, 77, '2025-11-29', '100.56', 1, '2025-12-23 07:50:36'),
(432, 77, '2025-11-30', '98.55', 1, '2025-12-23 07:50:36'),
(433, 77, '2025-12-01', '96.55', 1, '2025-12-23 07:50:36'),
(434, 77, '2025-12-02', '102.55', 1, '2025-12-23 07:50:36'),
(435, 77, '2025-12-03', '100.55', 1, '2025-12-23 07:50:36'),
(436, 77, '2025-12-04', '98.55', 1, '2025-12-23 07:50:36'),
(437, 77, '2025-12-05', '96.55', 1, '2025-12-23 07:50:36'),
(438, 77, '2025-12-06', '102.55', 1, '2025-12-23 07:50:36'),
(439, 77, '2025-12-07', '100.54', 1, '2025-12-23 07:50:36'),
(440, 77, '2025-12-08', '98.54', 1, '2025-12-23 07:50:36'),
(441, 77, '2025-12-09', '96.54', 1, '2025-12-23 07:50:36'),
(442, 77, '2025-12-10', '102.54', 1, '2025-12-23 07:50:36'),
(443, 77, '2025-12-11', '100.54', 1, '2025-12-23 07:50:36'),
(444, 77, '2025-12-12', '98.54', 1, '2025-12-23 07:50:36'),
(445, 77, '2025-12-13', '96.54', 1, '2025-12-23 07:50:36'),
(446, 77, '2025-12-14', '102.53', 1, '2025-12-23 07:50:36'),
(447, 77, '2025-12-15', '100.53', 1, '2025-12-23 07:50:36'),
(448, 77, '2025-12-16', '98.53', 1, '2025-12-23 07:50:36'),
(449, 77, '2025-12-17', '96.53', 1, '2025-12-23 07:50:36'),
(450, 77, '2025-12-18', '102.53', 1, '2025-12-23 07:50:36'),
(451, 77, '2025-12-19', '100.53', 1, '2025-12-23 07:50:36'),
(452, 77, '2025-12-20', '98.53', 1, '2025-12-23 07:50:36'),
(453, 77, '2025-12-21', '96.52', 1, '2025-12-23 07:50:36'),
(454, 77, '2025-12-22', '102.52', 1, '2025-12-23 07:50:36'),
(455, 77, '2025-12-23', '100.00', 1, '2025-12-24 06:42:37'),
(456, 77, '2025-12-24', '99.00', 1, '2025-12-24 02:35:14'),
(457, 78, '2025-11-24', '102.71', 1, '2025-12-23 07:50:36'),
(458, 78, '2025-11-25', '100.71', 1, '2025-12-23 07:50:36'),
(459, 78, '2025-11-26', '98.71', 1, '2025-12-23 07:50:36'),
(460, 78, '2025-11-27', '96.71', 1, '2025-12-23 07:50:36'),
(461, 78, '2025-11-28', '102.70', 1, '2025-12-23 07:50:36'),
(462, 78, '2025-11-29', '100.70', 1, '2025-12-23 07:50:36'),
(463, 78, '2025-11-30', '98.70', 1, '2025-12-23 07:50:36'),
(464, 78, '2025-12-01', '96.70', 1, '2025-12-23 07:50:36'),
(465, 78, '2025-12-02', '102.70', 1, '2025-12-23 07:50:36'),
(466, 78, '2025-12-03', '100.70', 1, '2025-12-23 07:50:36'),
(467, 78, '2025-12-04', '98.70', 1, '2025-12-23 07:50:36'),
(468, 78, '2025-12-05', '96.69', 1, '2025-12-23 07:50:36'),
(469, 78, '2025-12-06', '102.69', 1, '2025-12-23 07:50:36'),
(470, 78, '2025-12-07', '100.69', 1, '2025-12-23 07:50:36'),
(471, 78, '2025-12-08', '98.69', 1, '2025-12-23 07:50:36'),
(472, 78, '2025-12-09', '96.69', 1, '2025-12-23 07:50:36'),
(473, 78, '2025-12-10', '102.69', 1, '2025-12-23 07:50:36'),
(474, 78, '2025-12-11', '100.69', 1, '2025-12-23 07:50:36'),
(475, 78, '2025-12-12', '98.68', 1, '2025-12-23 07:50:36'),
(476, 78, '2025-12-13', '96.68', 1, '2025-12-23 07:50:36'),
(477, 78, '2025-12-14', '102.68', 1, '2025-12-23 07:50:36'),
(478, 78, '2025-12-15', '100.68', 1, '2025-12-23 07:50:36'),
(479, 78, '2025-12-16', '98.68', 1, '2025-12-23 07:50:36'),
(480, 78, '2025-12-17', '96.68', 1, '2025-12-23 07:50:36'),
(481, 78, '2025-12-18', '102.68', 1, '2025-12-23 07:50:36'),
(482, 78, '2025-12-19', '100.67', 1, '2025-12-23 07:50:36'),
(483, 78, '2025-12-20', '98.67', 1, '2025-12-23 07:50:36'),
(484, 78, '2025-12-21', '96.67', 1, '2025-12-23 07:50:36'),
(485, 78, '2025-12-22', '102.67', 1, '2025-12-23 07:50:36'),
(486, 78, '2025-12-23', '100.00', 1, '2025-12-23 07:50:36'),
(487, 79, '2025-11-24', '102.86', 1, '2025-12-23 07:50:36'),
(488, 79, '2025-11-25', '100.86', 1, '2025-12-23 07:50:36'),
(489, 79, '2025-11-26', '98.85', 1, '2025-12-23 07:50:36'),
(490, 79, '2025-11-27', '96.85', 1, '2025-12-23 07:50:36'),
(491, 79, '2025-11-28', '102.85', 1, '2025-12-23 07:50:36'),
(492, 79, '2025-11-29', '100.85', 1, '2025-12-23 07:50:36'),
(493, 79, '2025-11-30', '98.85', 1, '2025-12-23 07:50:36'),
(494, 79, '2025-12-01', '96.85', 1, '2025-12-23 07:50:36'),
(495, 79, '2025-12-02', '102.85', 1, '2025-12-23 07:50:36'),
(496, 79, '2025-12-03', '100.84', 1, '2025-12-23 07:50:36'),
(497, 79, '2025-12-04', '98.84', 1, '2025-12-23 07:50:36'),
(498, 79, '2025-12-05', '96.84', 1, '2025-12-23 07:50:36'),
(499, 79, '2025-12-06', '102.84', 1, '2025-12-23 07:50:36'),
(500, 79, '2025-12-07', '100.84', 1, '2025-12-23 07:50:36'),
(501, 79, '2025-12-08', '98.84', 1, '2025-12-23 07:50:36'),
(502, 79, '2025-12-09', '96.83', 1, '2025-12-23 07:50:36'),
(503, 79, '2025-12-10', '102.83', 1, '2025-12-23 07:50:36'),
(504, 79, '2025-12-11', '100.83', 1, '2025-12-23 07:50:36'),
(505, 79, '2025-12-12', '98.83', 1, '2025-12-23 07:50:36'),
(506, 79, '2025-12-13', '96.83', 1, '2025-12-23 07:50:36'),
(507, 79, '2025-12-14', '102.83', 1, '2025-12-23 07:50:36'),
(508, 79, '2025-12-15', '100.83', 1, '2025-12-23 07:50:36'),
(509, 79, '2025-12-16', '98.82', 1, '2025-12-23 07:50:36'),
(510, 79, '2025-12-17', '96.82', 1, '2025-12-23 07:50:36'),
(511, 79, '2025-12-18', '102.82', 1, '2025-12-23 07:50:36'),
(512, 79, '2025-12-19', '100.82', 1, '2025-12-23 07:50:36'),
(513, 79, '2025-12-20', '98.82', 1, '2025-12-23 07:50:36'),
(514, 79, '2025-12-21', '96.82', 1, '2025-12-23 07:50:36'),
(515, 79, '2025-12-22', '102.82', 1, '2025-12-23 07:50:36'),
(516, 79, '2025-12-23', '100.00', 1, '2025-12-23 07:51:49'),
(517, 80, '2025-11-24', '103.00', 1, '2025-12-23 07:50:36'),
(518, 80, '2025-11-25', '101.00', 1, '2025-12-23 07:50:36'),
(519, 80, '2025-11-26', '99.00', 1, '2025-12-23 07:50:36'),
(520, 80, '2025-11-27', '97.00', 1, '2025-12-23 07:50:36'),
(521, 80, '2025-11-28', '103.00', 1, '2025-12-23 07:50:36'),
(522, 80, '2025-11-29', '101.00', 1, '2025-12-23 07:50:36'),
(523, 80, '2025-11-30', '98.99', 1, '2025-12-23 07:50:36'),
(524, 80, '2025-12-01', '96.99', 1, '2025-12-23 07:50:36'),
(525, 80, '2025-12-02', '102.99', 1, '2025-12-23 07:50:36'),
(526, 80, '2025-12-03', '100.99', 1, '2025-12-23 07:50:36'),
(527, 80, '2025-12-04', '98.99', 1, '2025-12-23 07:50:36'),
(528, 80, '2025-12-05', '96.99', 1, '2025-12-23 07:50:36'),
(529, 80, '2025-12-06', '102.99', 1, '2025-12-23 07:50:36'),
(530, 80, '2025-12-07', '100.98', 1, '2025-12-23 07:50:36'),
(531, 80, '2025-12-08', '98.98', 1, '2025-12-23 07:50:36'),
(532, 80, '2025-12-09', '96.98', 1, '2025-12-23 07:50:36'),
(533, 80, '2025-12-10', '102.98', 1, '2025-12-23 07:50:36'),
(534, 80, '2025-12-11', '100.98', 1, '2025-12-23 07:50:36'),
(535, 80, '2025-12-12', '98.98', 1, '2025-12-23 07:50:36'),
(536, 80, '2025-12-13', '96.98', 1, '2025-12-23 07:50:36'),
(537, 80, '2025-12-14', '102.97', 1, '2025-12-23 07:50:36'),
(538, 80, '2025-12-15', '100.97', 1, '2025-12-23 07:50:36'),
(539, 80, '2025-12-16', '98.97', 1, '2025-12-23 07:50:36'),
(540, 80, '2025-12-17', '96.97', 1, '2025-12-23 07:50:36'),
(541, 80, '2025-12-18', '102.97', 1, '2025-12-23 07:50:36'),
(542, 80, '2025-12-19', '100.97', 1, '2025-12-23 07:50:36'),
(543, 80, '2025-12-20', '98.97', 1, '2025-12-23 07:50:36'),
(544, 80, '2025-12-21', '96.96', 1, '2025-12-23 07:50:36'),
(545, 80, '2025-12-22', '102.96', 1, '2025-12-23 07:50:36'),
(546, 80, '2025-12-23', '100.00', 1, '2025-12-23 07:51:49'),
(1070, 81, '2025-12-23', '100.00', 1, '2025-12-24 06:42:54'),
(1071, 82, '2025-12-23', '100.00', 1, '2025-12-24 06:42:54'),
(1072, 81, '2025-12-22', '100.00', 1, '2025-12-24 06:54:16'),
(1073, 82, '2025-12-22', '100.00', 1, '2025-12-24 06:54:16'),
(1310, 81, '2025-12-24', '120.00', 1, '2025-12-24 18:05:01'),
(1311, 82, '2025-12-24', '105.00', 1, '2025-12-24 18:05:01'),
(1323, 66, '2025-12-24', '99.00', 6, '2025-12-24 18:11:24'),
(1324, 67, '2025-12-24', '109.00', 2, '2025-12-24 18:11:24'),
(1325, 68, '2025-12-24', '120.00', 2, '2025-12-24 18:11:24'),
(1326, 69, '2025-12-24', '110.00', 4, '2025-12-24 18:11:36'),
(1327, 70, '2025-12-24', '109.00', 3, '2025-12-24 18:11:36'),
(1328, 71, '2025-12-24', '105.00', 3, '2025-12-24 18:11:36'),
(1329, 99, '2025-12-24', '100.00', 1, '2025-12-24 18:12:09'),
(1330, 100, '2025-12-24', '100.00', 1, '2025-12-24 18:12:09'),
(1331, 101, '2025-12-24', '100.00', 1, '2025-12-24 18:12:09'),
(1332, 102, '2025-12-24', '88.00', 1, '2025-12-24 18:12:19'),
(1333, 103, '2025-12-24', '89.00', 1, '2025-12-24 18:12:19'),
(1334, 104, '2025-12-24', '99.00', 1, '2025-12-24 18:12:19'),
(1347, 78, '2025-12-24', '110.00', 1, '2025-12-24 18:15:00'),
(1348, 79, '2025-12-24', '115.00', 1, '2025-12-24 18:15:00'),
(1349, 80, '2025-12-24', '116.99', 1, '2025-12-24 18:15:00'),
(1353, 72, '2025-12-24', '112.00', 1, '2025-12-24 18:15:42'),
(1354, 73, '2025-12-24', '105.00', 1, '2025-12-24 18:15:42'),
(1355, 74, '2025-12-24', '109.00', 1, '2025-12-24 18:15:42'),
(1362, 105, '2025-12-24', '110.00', 2, '2025-12-24 20:18:18'),
(1363, 106, '2025-12-26', '257.99', 1, '2025-12-26 23:41:37'),
(1364, 107, '2025-12-26', '309.99', 1, '2025-12-26 23:41:37'),
(1365, 108, '2025-12-26', '309.95', 1, '2025-12-26 23:41:37'),
(1366, 109, '2025-12-26', '314.99', 1, '2025-12-26 23:41:38'),
(1367, 110, '2025-12-26', '348.99', 1, '2025-12-26 23:41:38'),
(1368, 111, '2025-12-26', '309.99', 1, '2025-12-26 23:41:38'),
(1405, 106, '2025-12-27', '257.99', 1, '2025-12-27 00:10:50'),
(1406, 107, '2025-12-27', '309.99', 1, '2025-12-27 00:10:50'),
(1407, 108, '2025-12-27', '309.95', 1, '2025-12-27 00:10:50'),
(1408, 109, '2025-12-27', '314.99', 1, '2025-12-27 00:10:50'),
(1409, 110, '2025-12-27', '348.99', 1, '2025-12-27 00:10:50'),
(1410, 111, '2025-12-27', '309.99', 1, '2025-12-27 00:10:50'),
(1435, 66, '2025-12-27', '99.00', 6, '2025-12-27 00:59:59'),
(1436, 67, '2025-12-27', '109.00', 2, '2025-12-27 00:59:59'),
(1437, 68, '2025-12-27', '120.00', 2, '2025-12-27 00:59:59'),
(1438, 105, '2025-12-27', '110.00', 2, '2025-12-27 00:59:59'),
(1439, 112, '2025-12-27', '399.00', 1, '2025-12-27 01:05:24'),
(1440, 113, '2025-12-27', '299.00', 1, '2025-12-27 01:05:24'),
(1441, 114, '2025-12-27', '449.00', 1, '2025-12-27 01:05:24'),
(1442, 115, '2025-12-27', '500.00', 1, '2025-12-27 01:05:24'),
(1443, 116, '2025-12-27', '299.00', 1, '2025-12-27 01:05:24'),
(1454, 117, '2025-12-27', '101.00', 1, '2025-12-27 01:11:58'),
(1456, 118, '2025-12-27', '102.00', 1, '2025-12-27 01:16:09'),
(1457, 119, '2025-12-27', '103.00', 1, '2025-12-27 01:16:09'),
(1491, 72, '2025-12-27', '112.00', 1, '2025-12-27 01:34:49'),
(1492, 73, '2025-12-27', '105.00', 1, '2025-12-27 01:34:49'),
(1493, 74, '2025-12-27', '109.00', 1, '2025-12-27 01:34:49'),
(1494, 117, '2025-12-30', '101.00', 1, '2025-12-31 06:00:13'),
(1495, 118, '2025-12-30', '102.00', 5, '2025-12-31 06:00:13'),
(1496, 119, '2025-12-30', '103.00', 5, '2025-12-31 06:00:13'),
(1512, 117, '2025-12-29', '105.00', 1, '2025-12-31 06:54:15'),
(1513, 118, '2025-12-29', '106.00', 5, '2025-12-31 06:54:15'),
(1514, 119, '2025-12-29', '108.00', 5, '2025-12-31 06:54:15'),
(1521, 117, '2025-12-31', '118.00', 1, '2025-12-31 07:01:10'),
(1522, 118, '2025-12-31', '112.00', 5, '2025-12-31 07:01:10'),
(1523, 119, '2025-12-31', '123.00', 5, '2025-12-31 07:01:10'),
(1563, 120, '2025-12-31', '117.00', 3, '2025-12-31 07:28:15'),
(1564, 117, '2025-12-26', '105.00', 2, '2025-12-31 07:31:17'),
(1565, 118, '2025-12-26', '106.00', 3, '2025-12-31 07:31:17'),
(1566, 119, '2025-12-26', '107.00', 4, '2025-12-31 07:31:17'),
(1567, 120, '2025-12-26', '108.00', 5, '2025-12-31 07:31:17'),
(1568, 117, '2025-12-25', '101.00', 1, '2025-12-31 07:31:58'),
(1569, 118, '2025-12-25', '102.00', 2, '2025-12-31 07:31:58'),
(1570, 119, '2025-12-25', '103.00', 3, '2025-12-31 07:31:58'),
(1571, 120, '2025-12-25', '104.00', 4, '2025-12-31 07:31:58'),
(1575, 120, '2025-12-30', '102.00', 3, '2025-12-31 07:52:45'),
(1702, 120, '2025-12-29', '115.00', 3, '2025-12-31 12:05:37'),
(1763, 117, '2025-12-28', '100.00', 1, '2025-12-31 12:10:08'),
(1764, 118, '2025-12-28', '100.00', 1, '2025-12-31 12:10:08'),
(1765, 119, '2025-12-28', '100.00', 1, '2025-12-31 12:10:08'),
(1766, 120, '2025-12-28', '100.00', 1, '2025-12-31 12:10:08'),
(1851, 117, '2025-12-24', '111.00', 1, '2025-12-31 19:24:57'),
(1852, 118, '2025-12-24', '112.00', 5, '2025-12-31 19:24:57'),
(1853, 119, '2025-12-24', '113.00', 5, '2025-12-31 19:24:57'),
(1854, 120, '2025-12-24', '114.00', 3, '2025-12-31 19:24:57'),
(1867, 117, '2025-12-01', '111.00', 1, '2025-12-31 22:57:49'),
(1868, 118, '2025-12-01', '112.00', 5, '2025-12-31 22:57:49'),
(1869, 119, '2025-12-01', '113.00', 5, '2025-12-31 22:57:49'),
(1870, 120, '2025-12-01', '114.00', 3, '2025-12-31 22:57:49');

-- --------------------------------------------------------

--
-- Table structure for table `sales_data`
--

CREATE TABLE `sales_data` (
  `id` int(11) NOT NULL,
  `config_id` int(11) NOT NULL,
  `capacity` varchar(50) NOT NULL,
  `day_label` varchar(20) DEFAULT NULL,
  `sale_price` decimal(10,2) NOT NULL DEFAULT 0.00,
  `market_price` decimal(10,2) NOT NULL DEFAULT 0.00,
  `volume` int(11) NOT NULL DEFAULT 0
) ENGINE=InnoDB DEFAULT CHARSET=utf8mb4 COLLATE=utf8mb4_general_ci;

--
-- Dumping data for table `sales_data`
--

INSERT INTO `sales_data` (`id`, `config_id`, `capacity`, `day_label`, `sale_price`, `market_price`, `volume`) VALUES
(1233, 49, '12TB', '2025-12-17', '0.00', '0.00', 0),
(1234, 49, '12TB', '2025-12-18', '0.00', '0.00', 0),
(1235, 49, '12TB', '2025-12-19', '0.00', '0.00', 0),
(1236, 49, '12TB', '2025-12-20', '0.00', '0.00', 0),
(1237, 49, '12TB', '2025-12-21', '0.00', '0.00', 0),
(1238, 49, '12TB', '2025-12-22', '0.00', '0.00', 0),
(1239, 49, '12TB', '2025-12-23', '0.00', '0.00', 0),
(1247, 44, '12TB', '2025-12-18', '0.00', '0.00', 0),
(1248, 44, '12TB', '2025-12-19', '0.00', '0.00', 0),
(1249, 44, '12TB', '2025-12-20', '0.00', '0.00', 0),
(1250, 44, '12TB', '2025-12-21', '0.00', '0.00', 0),
(1251, 44, '12TB', '2025-12-22', '0.00', '0.00', 0),
(1252, 44, '12TB', '2025-12-23', '0.00', '0.00', 0),
(1253, 44, '12TB', '2025-12-24', '0.00', '0.00', 0),
(1254, 54, '12TB', '2025-12-18', '0.00', '0.00', 0),
(1255, 54, '12TB', '2025-12-19', '0.00', '0.00', 0),
(1256, 54, '12TB', '2025-12-20', '0.00', '0.00', 0),
(1257, 54, '12TB', '2025-12-21', '0.00', '0.00', 0),
(1258, 54, '12TB', '2025-12-22', '0.00', '0.00', 0),
(1259, 54, '12TB', '2025-12-23', '0.00', '0.00', 0),
(1260, 54, '12TB', '2025-12-24', '0.00', '0.00', 0),
(1275, 55, '12TB', '2025-12-18', '0.00', '0.00', 0),
(1276, 55, '12TB', '2025-12-19', '0.00', '0.00', 0),
(1277, 55, '12TB', '2025-12-20', '0.00', '0.00', 0),
(1278, 55, '12TB', '2025-12-21', '0.00', '0.00', 0),
(1279, 55, '12TB', '2025-12-22', '0.00', '0.00', 0),
(1280, 55, '12TB', '2025-12-23', '0.00', '0.00', 0),
(1281, 55, '12TB', '2025-12-24', '0.00', '0.00', 0),
(1296, 47, '20TB', '2025-12-17', '0.00', '0.00', 0),
(1297, 47, '20TB', '2025-12-18', '0.00', '0.00', 0),
(1298, 47, '20TB', '2025-12-19', '0.00', '0.00', 0),
(1299, 47, '20TB', '2025-12-20', '0.00', '0.00', 0),
(1300, 47, '20TB', '2025-12-21', '0.00', '0.00', 0),
(1301, 47, '20TB', '2025-12-22', '0.00', '0.00', 0),
(1302, 47, '20TB', '2025-12-23', '0.00', '0.00', 0),
(1310, 48, '20TB', '2025-12-18', '0.00', '0.00', 0),
(1311, 48, '20TB', '2025-12-19', '0.00', '0.00', 0),
(1312, 48, '20TB', '2025-12-20', '0.00', '0.00', 0),
(1313, 48, '20TB', '2025-12-21', '0.00', '0.00', 0),
(1314, 48, '20TB', '2025-12-22', '0.00', '0.00', 0),
(1315, 48, '20TB', '2025-12-23', '0.00', '0.00', 0),
(1316, 48, '20TB', '2025-12-24', '0.00', '0.00', 0),
(1429, 43, '12TB', '2025-12-18', '0.00', '0.00', 0),
(1430, 43, '12TB', '2025-12-19', '0.00', '0.00', 0),
(1431, 43, '12TB', '2025-12-20', '0.00', '0.00', 0),
(1432, 43, '12TB', '2025-12-21', '0.00', '0.00', 0),
(1433, 43, '12TB', '2025-12-22', '0.00', '0.00', 0),
(1434, 43, '12TB', '2025-12-23', '0.00', '0.00', 0),
(1435, 43, '12TB', '2025-12-24', '0.00', '0.00', 0),
(1450, 58, '20TB', '2025-12-20', '0.00', '0.00', 0),
(1451, 58, '20TB', '2025-12-21', '0.00', '0.00', 0),
(1452, 58, '20TB', '2025-12-22', '0.00', '0.00', 0),
(1453, 58, '20TB', '2025-12-23', '0.00', '0.00', 0),
(1454, 58, '20TB', '2025-12-24', '0.00', '0.00', 0),
(1455, 58, '20TB', '2025-12-25', '0.00', '0.00', 0),
(1456, 58, '20TB', '2025-12-26', '0.00', '0.00', 0),
(1513, 57, '22TB', '2025-12-20', '0.00', '0.00', 0),
(1514, 57, '22TB', '2025-12-21', '0.00', '0.00', 0),
(1515, 57, '22TB', '2025-12-22', '0.00', '0.00', 0),
(1516, 57, '22TB', '2025-12-23', '0.00', '0.00', 0),
(1517, 57, '22TB', '2025-12-24', '0.00', '0.00', 0),
(1518, 57, '22TB', '2025-12-25', '0.00', '0.00', 0),
(1519, 57, '22TB', '2025-12-26', '0.00', '0.00', 0),
(1520, 46, '20TB', '2025-12-18', '0.00', '0.00', 0),
(1521, 46, '20TB', '2025-12-19', '0.00', '0.00', 0),
(1522, 46, '20TB', '2025-12-20', '0.00', '0.00', 0),
(1523, 46, '20TB', '2025-12-21', '0.00', '0.00', 0),
(1524, 46, '20TB', '2025-12-22', '0.00', '0.00', 0),
(1525, 46, '20TB', '2025-12-23', '0.00', '0.00', 0),
(1526, 46, '20TB', '2025-12-24', '0.00', '0.00', 0),
(1646, 59, '12TB', '2025-12-20', '0.00', '0.00', 0),
(1647, 59, '12TB', '2025-12-21', '0.00', '0.00', 0),
(1648, 59, '12TB', '2025-12-22', '0.00', '0.00', 0),
(1649, 59, '12TB', '2025-12-23', '0.00', '0.00', 0),
(1650, 59, '12TB', '2025-12-24', '0.00', '0.00', 0),
(1651, 59, '12TB', '2025-12-25', '0.00', '0.00', 0),
(1652, 59, '12TB', '2025-12-26', '0.00', '0.00', 0);

--
-- Indexes for dumped tables
--

--
-- Indexes for table `capacities`
--
ALTER TABLE `capacities`
  ADD PRIMARY KEY (`ID`);

--
-- Indexes for table `peg_configs`
--
ALTER TABLE `peg_configs`
  ADD PRIMARY KEY (`id`),
  ADD UNIQUE KEY `uniq_cfg` (`capacity`,`interface`,`condition_type`);

--
-- Indexes for table `peg_history`
--
ALTER TABLE `peg_history`
  ADD PRIMARY KEY (`id`),
  ADD UNIQUE KEY `uniq_peg_history_config` (`config_id`);

--
-- Indexes for table `peg_modifiers`
--
ALTER TABLE `peg_modifiers`
  ADD PRIMARY KEY (`id`),
  ADD KEY `fk_mod_cfg` (`config_id`);

--
-- Indexes for table `peg_points`
--
ALTER TABLE `peg_points`
  ADD PRIMARY KEY (`id`),
  ADD KEY `fk_peg_points_config` (`config_id`);

--
-- Indexes for table `peg_point_history`
--
ALTER TABLE `peg_point_history`
  ADD PRIMARY KEY (`id`),
  ADD UNIQUE KEY `uniq_point_day` (`peg_point_id`,`day_date`);

--
-- Indexes for table `sales_data`
--
ALTER TABLE `sales_data`
  ADD PRIMARY KEY (`id`),
  ADD KEY `fk_sales_cfg` (`config_id`);

--
-- AUTO_INCREMENT for dumped tables
--

--
-- AUTO_INCREMENT for table `capacities`
--
ALTER TABLE `capacities`
  MODIFY `ID` int(11) NOT NULL AUTO_INCREMENT, AUTO_INCREMENT=11;

--
-- AUTO_INCREMENT for table `peg_configs`
--
ALTER TABLE `peg_configs`
  MODIFY `id` int(11) NOT NULL AUTO_INCREMENT, AUTO_INCREMENT=62;

--
-- AUTO_INCREMENT for table `peg_history`
--
ALTER TABLE `peg_history`
  MODIFY `id` int(11) NOT NULL AUTO_INCREMENT, AUTO_INCREMENT=287;

--
-- AUTO_INCREMENT for table `peg_modifiers`
--
ALTER TABLE `peg_modifiers`
  MODIFY `id` int(11) NOT NULL AUTO_INCREMENT, AUTO_INCREMENT=111;

--
-- AUTO_INCREMENT for table `peg_points`
--
ALTER TABLE `peg_points`
  MODIFY `id` int(11) NOT NULL AUTO_INCREMENT, AUTO_INCREMENT=121;

--
-- AUTO_INCREMENT for table `peg_point_history`
--
ALTER TABLE `peg_point_history`
  MODIFY `id` int(11) NOT NULL AUTO_INCREMENT, AUTO_INCREMENT=1915;

--
-- AUTO_INCREMENT for table `sales_data`
--
ALTER TABLE `sales_data`
  MODIFY `id` int(11) NOT NULL AUTO_INCREMENT, AUTO_INCREMENT=1653;

--
-- Constraints for dumped tables
--

--
-- Constraints for table `peg_history`
--
ALTER TABLE `peg_history`
  ADD CONSTRAINT `fk_hist_cfg` FOREIGN KEY (`config_id`) REFERENCES `peg_configs` (`id`) ON DELETE CASCADE;

--
-- Constraints for table `peg_modifiers`
--
ALTER TABLE `peg_modifiers`
  ADD CONSTRAINT `fk_mod_cfg` FOREIGN KEY (`config_id`) REFERENCES `peg_configs` (`id`) ON DELETE CASCADE;

--
-- Constraints for table `peg_points`
--
ALTER TABLE `peg_points`
  ADD CONSTRAINT `fk_peg_points_config` FOREIGN KEY (`config_id`) REFERENCES `peg_configs` (`id`) ON DELETE CASCADE;

--
-- Constraints for table `peg_point_history`
--
ALTER TABLE `peg_point_history`
  ADD CONSTRAINT `fk_peg_point_history_point` FOREIGN KEY (`peg_point_id`) REFERENCES `peg_points` (`id`) ON DELETE CASCADE;

--
-- Constraints for table `sales_data`
--
ALTER TABLE `sales_data`
  ADD CONSTRAINT `fk_sales_cfg` FOREIGN KEY (`config_id`) REFERENCES `peg_configs` (`id`) ON DELETE CASCADE;
COMMIT;

/*!40101 SET CHARACTER_SET_CLIENT=@OLD_CHARACTER_SET_CLIENT */;
/*!40101 SET CHARACTER_SET_RESULTS=@OLD_CHARACTER_SET_RESULTS */;
/*!40101 SET COLLATION_CONNECTION=@OLD_COLLATION_CONNECTION */;
